Geography,Which is the capital of England,London,[London;Paris;Rome;Ireland]
Geography,Question Geography 0,RightAnswer,[RightAnswer;WrongAnswer0;WrongAnswer1;WrongAnswer2]
Geography,Question Geography 1,RightAnswer,[RightAnswer;WrongAnswer0;WrongAnswer1;WrongAnswer2]
Geography,Question Geography 2,RightAnswer,[RightAnswer;WrongAnswer0;WrongAnswer1;WrongAnswer2]
Geography,Question Geography 3,RightAnswer,[RightAnswer;WrongAnswer0;WrongAnswer1;WrongAnswer2]
Geography,Question Geography 4,RightAnswer,[RightAnswer;WrongAnswer0;WrongAnswer1;WrongAnswer2]
Geography,Question Geography 5,RightAnswer,[RightAnswer;WrongAnswer0;WrongAnswer1;WrongAnswer2]
Geography,Question Geography 6,RightAnswer,[RightAnswer;WrongAnswer0;WrongAnswer1;WrongAnswer2]
Geography,Question Geography 7,RightAnswer,[RightAnswer;WrongAnswer0;WrongAnswer1;WrongAnswer2]
Geography,Question Geography 8,RightAnswer,[RightAnswer;WrongAnswer0;WrongAnswer1;WrongAnswer2]
Geography,Question Geography 9,RightAnswer,[RightAnswer;WrongAnswer0;WrongAnswer1;WrongAnswer2]
Geography,Question Geography 10,RightAnswer,[RightAnswer;WrongAnswer0;WrongAnswer1;WrongAnswer2]
Geography,Question Geography 11,RightAnswer,[RightAnswer;WrongAnswer0;WrongAnswer1;WrongAnswer2]
Geography,Question Geography 12,RightAnswer,[RightAnswer;WrongAnswer0;WrongAnswer1;WrongAnswer2]
Geography,Question Geography 13,RightAnswer,[RightAnswer;WrongAnswer0;WrongAnswer1;WrongAnswer2]
Geography,Question Geography 14,RightAnswer,[RightAnswer;WrongAnswer0;WrongAnswer1;WrongAnswer2]
History,Question History 0,RightAnswer,[RightAnswer;WrongAnswer0;WrongAnswer1;WrongAnswer2]
History,Question History 1,RightAnswer,[RightAnswer;WrongAnswer0;WrongAnswer1;WrongAnswer2]
History,Question History 2,RightAnswer,[RightAnswer;WrongAnswer0;WrongAnswer1;WrongAnswer2]
History,Question History 3,RightAnswer,[RightAnswer;WrongAnswer0;WrongAnswer1;WrongAnswer2]
History,Question History 4,RightAnswer,[RightAnswer;WrongAnswer0;WrongAnswer1;WrongAnswer2]
History,Question History 5,RightAnswer,[RightAnswer;WrongAnswer0;WrongAnswer1;WrongAnswer2]
History,Question History 6,RightAnswer,[RightAnswer;WrongAnswer0;WrongAnswer1;WrongAnswer2]
History,Question History 7,RightAnswer,[RightAnswer;WrongAnswer0;WrongAnswer1;WrongAnswer2]
History,Question History 8,RightAnswer,[RightAnswer;WrongAnswer0;WrongAnswer1;WrongAnswer2]
History,Question History 9,RightAnswer,[RightAnswer;WrongAnswer0;WrongAnswer1;WrongAnswer2]
History,Question History 10,RightAnswer,[RightAnswer;WrongAnswer0;WrongAnswer1;WrongAnswer2]
History,Question History 11,RightAnswer,[RightAnswer;WrongAnswer0;WrongAnswer1;WrongAnswer2]
History,Question History 12,RightAnswer,[RightAnswer;WrongAnswer0;WrongAnswer1;WrongAnswer2]
History,Question History 13,RightAnswer,[RightAnswer;WrongAnswer0;WrongAnswer1;WrongAnswer2]
History,Question History 14,RightAnswer,[RightAnswer;WrongAnswer0;WrongAnswer1;WrongAnswer2]
Math,Question Math 0,RightAnswer,[RightAnswer;WrongAnswer0;WrongAnswer1;WrongAnswer2]
Math,Question Math 1,RightAnswer,[RightAnswer;WrongAnswer0;WrongAnswer1;WrongAnswer2]
Math,Question Math 2,RightAnswer,[RightAnswer;WrongAnswer0;WrongAnswer1;WrongAnswer2]
Math,Question Math 3,RightAnswer,[RightAnswer;WrongAnswer0;WrongAnswer1;WrongAnswer2]
Math,Question Math 4,RightAnswer,[RightAnswer;WrongAnswer0;WrongAnswer1;WrongAnswer2]
Math,Question Math 5,RightAnswer,[RightAnswer;WrongAnswer0;WrongAnswer1;WrongAnswer2]
Math,Question Math 6,RightAnswer,[RightAnswer;WrongAnswer0;WrongAnswer1;WrongAnswer2]
Math,Question Math 7,RightAnswer,[RightAnswer;WrongAnswer0;WrongAnswer1;WrongAnswer2]
Math,Question Math 8,RightAnswer,[RightAnswer;WrongAnswer0;WrongAnswer1;WrongAnswer2]
Math,Question Math 9,RightAnswer,[RightAnswer;WrongAnswer0;WrongAnswer1;WrongAnswer2]
Math,Question Math 10,RightAnswer,[RightAnswer;WrongAnswer0;WrongAnswer1;WrongAnswer2]
Math,Question Math 11,RightAnswer,[RightAnswer;WrongAnswer0;WrongAnswer1;WrongAnswer2]
Math,Question Math 12,RightAnswer,[RightAnswer;WrongAnswer0;WrongAnswer1;WrongAnswer2]
Math,Question Math 13,RightAnswer,[RightAnswer;WrongAnswer0;WrongAnswer1;WrongAnswer2]
Math,Question Math 14,RightAnswer,[RightAnswer;WrongAnswer0;WrongAnswer1;WrongAnswer2]
English,Question English 0,RightAnswer,[RightAnswer;WrongAnswer0;WrongAnswer1;WrongAnswer2]
English,Question English 1,RightAnswer,[RightAnswer;WrongAnswer0;WrongAnswer1;WrongAnswer2]
English,Question English 2,RightAnswer,[RightAnswer;WrongAnswer0;WrongAnswer1;WrongAnswer2]
English,Question English 3,RightAnswer,[RightAnswer;WrongAnswer0;WrongAnswer1;WrongAnswer2]
English,Question English 4,RightAnswer,[RightAnswer;WrongAnswer0;WrongAnswer1;WrongAnswer2]
English,Question English 5,RightAnswer,[RightAnswer;WrongAnswer0;WrongAnswer1;WrongAnswer2]
English,Question English 6,RightAnswer,[RightAnswer;WrongAnswer0;WrongAnswer1;WrongAnswer2]
English,Question English 7,RightAnswer,[RightAnswer;WrongAnswer0;WrongAnswer1;WrongAnswer2]
English,Question English 8,RightAnswer,[RightAnswer;WrongAnswer0;WrongAnswer1;WrongAnswer2]
English,Question English 9,RightAnswer,[RightAnswer;WrongAnswer0;WrongAnswer1;WrongAnswer2]
English,Question English 10,RightAnswer,[RightAnswer;WrongAnswer0;WrongAnswer1;WrongAnswer2]
English,Question English 11,RightAnswer,[RightAnswer;WrongAnswer0;WrongAnswer1;WrongAnswer2]
English,Question English 12,RightAnswer,[RightAnswer;WrongAnswer0;WrongAnswer1;WrongAnswer2]
English,Question English 13,RightAnswer,[RightAnswer;WrongAnswer0;WrongAnswer1;WrongAnswer2]
English,Question English 14,RightAnswer,[RightAnswer;WrongAnswer0;WrongAnswer1;WrongAnswer2]
Common knowledge,Question Common knowledge 0,RightAnswer,[RightAnswer;WrongAnswer0;WrongAnswer1;WrongAnswer2]
Common knowledge,Question Common knowledge 1,RightAnswer,[RightAnswer;WrongAnswer0;WrongAnswer1;WrongAnswer2]
Common knowledge,Question Common knowledge 2,RightAnswer,[RightAnswer;WrongAnswer0;WrongAnswer1;WrongAnswer2]
Common knowledge,Question Common knowledge 3,RightAnswer,[RightAnswer;WrongAnswer0;WrongAnswer1;WrongAnswer2]
Common knowledge,Question Common knowledge 4,RightAnswer,[RightAnswer;WrongAnswer0;WrongAnswer1;WrongAnswer2]
Common knowledge,Question Common knowledge 5,RightAnswer,[RightAnswer;WrongAnswer0;WrongAnswer1;WrongAnswer2]
Common knowledge,Question Common knowledge 6,RightAnswer,[RightAnswer;WrongAnswer0;WrongAnswer1;WrongAnswer2]
Common knowledge,Question Common knowledge 7,RightAnswer,[RightAnswer;WrongAnswer0;WrongAnswer1;WrongAnswer2]
Common knowledge,Question Common knowledge 8,RightAnswer,[RightAnswer;WrongAnswer0;WrongAnswer1;WrongAnswer2]
Common knowledge,Question Common knowledge 9,RightAnswer,[RightAnswer;WrongAnswer0;WrongAnswer1;WrongAnswer2]
Common knowledge,Question Common knowledge 10,RightAnswer,[RightAnswer;WrongAnswer0;WrongAnswer1;WrongAnswer2]
Common knowledge,Question Common knowledge 11,RightAnswer,[RightAnswer;WrongAnswer0;WrongAnswer1;WrongAnswer2]
Common knowledge,Question Common knowledge 12,RightAnswer,[RightAnswer;WrongAnswer0;WrongAnswer1;WrongAnswer2]
Common knowledge,Question Common knowledge 13,RightAnswer,[RightAnswer;WrongAnswer0;WrongAnswer1;WrongAnswer2]
Common knowledge,Question Common knowledge 14,RightAnswer,[RightAnswer;WrongAnswer0;WrongAnswer1;WrongAnswer2]
Science,Question Science 0,RightAnswer,[RightAnswer;WrongAnswer0;WrongAnswer1;WrongAnswer2]
Science,Question Science 1,RightAnswer,[RightAnswer;WrongAnswer0;WrongAnswer1;WrongAnswer2]
Science,Question Science 2,RightAnswer,[RightAnswer;WrongAnswer0;WrongAnswer1;WrongAnswer2]
Science,Question Science 3,RightAnswer,[RightAnswer;WrongAnswer0;WrongAnswer1;WrongAnswer2]
Science,Question Science 4,RightAnswer,[RightAnswer;WrongAnswer0;WrongAnswer1;WrongAnswer2]
Science,Question Science 5,RightAnswer,[RightAnswer;WrongAnswer0;WrongAnswer1;WrongAnswer2]
Science,Question Science 6,RightAnswer,[RightAnswer;WrongAnswer0;WrongAnswer1;WrongAnswer2]
Science,Question Science 7,RightAnswer,[RightAnswer;WrongAnswer0;WrongAnswer1;WrongAnswer2]
Science,Question Science 8,RightAnswer,[RightAnswer;WrongAnswer0;WrongAnswer1;WrongAnswer2]
Science,Question Science 9,RightAnswer,[RightAnswer;WrongAnswer0;WrongAnswer1;WrongAnswer2]
Science,Question Science 10,RightAnswer,[RightAnswer;WrongAnswer0;WrongAnswer1;WrongAnswer2]
Science,Question Science 11,RightAnswer,[RightAnswer;WrongAnswer0;WrongAnswer1;WrongAnswer2]
Science,Question Science 12,RightAnswer,[RightAnswer;WrongAnswer0;WrongAnswer1;WrongAnswer2]
Science,Question Science 13,RightAnswer,[RightAnswer;WrongAnswer0;WrongAnswer1;WrongAnswer2]
Science,Question Science 14,RightAnswer,[RightAnswer;WrongAnswer0;WrongAnswer1;WrongAnswer2]
Biology,Question Biology 0,RightAnswer,[RightAnswer;WrongAnswer0;WrongAnswer1;WrongAnswer2]
Biology,Question Biology 1,RightAnswer,[RightAnswer;WrongAnswer0;WrongAnswer1;WrongAnswer2]
Biology,Question Biology 2,RightAnswer,[RightAnswer;WrongAnswer0;WrongAnswer1;WrongAnswer2]
Biology,Question Biology 3,RightAnswer,[RightAnswer;WrongAnswer0;WrongAnswer1;WrongAnswer2]
Biology,Question Biology 4,RightAnswer,[RightAnswer;WrongAnswer0;WrongAnswer1;WrongAnswer2]
Biology,Question Biology 5,RightAnswer,[RightAnswer;WrongAnswer0;WrongAnswer1;WrongAnswer2]
Biology,Question Biology 6,RightAnswer,[RightAnswer;WrongAnswer0;WrongAnswer1;WrongAnswer2]
Biology,Question Biology 7,RightAnswer,[RightAnswer;WrongAnswer0;WrongAnswer1;WrongAnswer2]
Biology,Question Biology 8,RightAnswer,[RightAnswer;WrongAnswer0;WrongAnswer1;WrongAnswer2]
Biology,Question Biology 9,RightAnswer,[RightAnswer;WrongAnswer0;WrongAnswer1;WrongAnswer2]
Biology,Question Biology 10,RightAnswer,[RightAnswer;WrongAnswer0;WrongAnswer1;WrongAnswer2]
Biology,Question Biology 11,RightAnswer,[RightAnswer;WrongAnswer0;WrongAnswer1;WrongAnswer2]
Biology,Question Biology 12,RightAnswer,[RightAnswer;WrongAnswer0;WrongAnswer1;WrongAnswer2]
Biology,Question Biology 13,RightAnswer,[RightAnswer;WrongAnswer0;WrongAnswer1;WrongAnswer2]
Biology,Question Biology 14,RightAnswer,[RightAnswer;WrongAnswer0;WrongAnswer1;WrongAnswer2]
Computer Science,Question Computer Science 0,RightAnswer,[RightAnswer;WrongAnswer0;WrongAnswer1;WrongAnswer2]
Computer Science,Question Computer Science 1,RightAnswer,[RightAnswer;WrongAnswer0;WrongAnswer1;WrongAnswer2]
Computer Science,Question Computer Science 2,RightAnswer,[RightAnswer;WrongAnswer0;WrongAnswer1;WrongAnswer2]
Computer Science,Question Computer Science 3,RightAnswer,[RightAnswer;WrongAnswer0;WrongAnswer1;WrongAnswer2]
Computer Science,Question Computer Science 4,RightAnswer,[RightAnswer;WrongAnswer0;WrongAnswer1;WrongAnswer2]
Computer Science,Question Computer Science 5,RightAnswer,[RightAnswer;WrongAnswer0;WrongAnswer1;WrongAnswer2]
Computer Science,Question Computer Science 6,RightAnswer,[RightAnswer;WrongAnswer0;WrongAnswer1;WrongAnswer2]
Computer Science,Question Computer Science 7,RightAnswer,[RightAnswer;WrongAnswer0;WrongAnswer1;WrongAnswer2]
Computer Science,Question Computer Science 8,RightAnswer,[RightAnswer;WrongAnswer0;WrongAnswer1;WrongAnswer2]
Computer Science,Question Computer Science 9,RightAnswer,[RightAnswer;WrongAnswer0;WrongAnswer1;WrongAnswer2]
Computer Science,Question Computer Science 10,RightAnswer,[RightAnswer;WrongAnswer0;WrongAnswer1;WrongAnswer2]
Computer Science,Question Computer Science 11,RightAnswer,[RightAnswer;WrongAnswer0;WrongAnswer1;WrongAnswer2]
Computer Science,Question Computer Science 12,RightAnswer,[RightAnswer;WrongAnswer0;WrongAnswer1;WrongAnswer2]
Computer Science,Question Computer Science 13,RightAnswer,[RightAnswer;WrongAnswer0;WrongAnswer1;WrongAnswer2]
Computer Science,Question Computer Science 14,RightAnswer,[RightAnswer;WrongAnswer0;WrongAnswer1;WrongAnswer2]
Sports,Question Sports 0,RightAnswer,[RightAnswer;WrongAnswer0;WrongAnswer1;WrongAnswer2]
Sports,Question Sports 1,RightAnswer,[RightAnswer;WrongAnswer0;WrongAnswer1;WrongAnswer2]
Sports,Question Sports 2,RightAnswer,[RightAnswer;WrongAnswer0;WrongAnswer1;WrongAnswer2]
Sports,Question Sports 3,RightAnswer,[RightAnswer;WrongAnswer0;WrongAnswer1;WrongAnswer2]
Sports,Question Sports 4,RightAnswer,[RightAnswer;WrongAnswer0;WrongAnswer1;WrongAnswer2]
Sports,Question Sports 5,RightAnswer,[RightAnswer;WrongAnswer0;WrongAnswer1;WrongAnswer2]
Sports,Question Sports 6,RightAnswer,[RightAnswer;WrongAnswer0;WrongAnswer1;WrongAnswer2]
Sports,Question Sports 7,RightAnswer,[RightAnswer;WrongAnswer0;WrongAnswer1;WrongAnswer2]
Sports,Question Sports 8,RightAnswer,[RightAnswer;WrongAnswer0;WrongAnswer1;WrongAnswer2]
Sports,Question Sports 9,RightAnswer,[RightAnswer;WrongAnswer0;WrongAnswer1;WrongAnswer2]
Sports,Question Sports 10,RightAnswer,[RightAnswer;WrongAnswer0;WrongAnswer1;WrongAnswer2]
Sports,Question Sports 11,RightAnswer,[RightAnswer;WrongAnswer0;WrongAnswer1;WrongAnswer2]
Sports,Question Sports 12,RightAnswer,[RightAnswer;WrongAnswer0;WrongAnswer1;WrongAnswer2]
Sports,Question Sports 13,RightAnswer,[RightAnswer;WrongAnswer0;WrongAnswer1;WrongAnswer2]
Sports,Question Sports 14,RightAnswer,[RightAnswer;WrongAnswer0;WrongAnswer1;WrongAnswer2]
Movies,Question Movies 0,RightAnswer,[RightAnswer;WrongAnswer0;WrongAnswer1;WrongAnswer2]
Movies,Question Movies 1,RightAnswer,[RightAnswer;WrongAnswer0;WrongAnswer1;WrongAnswer2]
Movies,Question Movies 2,RightAnswer,[RightAnswer;WrongAnswer0;WrongAnswer1;WrongAnswer2]
Movies,Question Movies 3,RightAnswer,[RightAnswer;WrongAnswer0;WrongAnswer1;WrongAnswer2]
Movies,Question Movies 4,RightAnswer,[RightAnswer;WrongAnswer0;WrongAnswer1;WrongAnswer2]
Movies,Question Movies 5,RightAnswer,[RightAnswer;WrongAnswer0;WrongAnswer1;WrongAnswer2]
Movies,Question Movies 6,RightAnswer,[RightAnswer;WrongAnswer0;WrongAnswer1;WrongAnswer2]
Movies,Question Movies 7,RightAnswer,[RightAnswer;WrongAnswer0;WrongAnswer1;WrongAnswer2]
Movies,Question Movies 8,RightAnswer,[RightAnswer;WrongAnswer0;WrongAnswer1;WrongAnswer2]
Movies,Question Movies 9,RightAnswer,[RightAnswer;WrongAnswer0;WrongAnswer1;WrongAnswer2]
Movies,Question Movies 10,RightAnswer,[RightAnswer;WrongAnswer0;WrongAnswer1;WrongAnswer2]
Movies,Question Movies 11,RightAnswer,[RightAnswer;WrongAnswer0;WrongAnswer1;WrongAnswer2]
Movies,Question Movies 12,RightAnswer,[RightAnswer;WrongAnswer0;WrongAnswer1;WrongAnswer2]
Movies,Question Movies 13,RightAnswer,[RightAnswer;WrongAnswer0;WrongAnswer1;WrongAnswer2]
Movies,Question Movies 14,RightAnswer,[RightAnswer;WrongAnswer0;WrongAnswer1;WrongAnswer2]
TV shows,Question TV showsBooks 0,RightAnswer,[RightAnswer;WrongAnswer0;WrongAnswer1;WrongAnswer2]
TV shows,Question TV showsBooks 1,RightAnswer,[RightAnswer;WrongAnswer0;WrongAnswer1;WrongAnswer2]
TV shows,Question TV showsBooks 2,RightAnswer,[RightAnswer;WrongAnswer0;WrongAnswer1;WrongAnswer2]
TV shows,Question TV showsBooks 3,RightAnswer,[RightAnswer;WrongAnswer0;WrongAnswer1;WrongAnswer2]
TV shows,Question TV showsBooks 4,RightAnswer,[RightAnswer;WrongAnswer0;WrongAnswer1;WrongAnswer2]
TV shows,Question TV showsBooks 5,RightAnswer,[RightAnswer;WrongAnswer0;WrongAnswer1;WrongAnswer2]
TV shows,Question TV showsBooks 6,RightAnswer,[RightAnswer;WrongAnswer0;WrongAnswer1;WrongAnswer2]
TV shows,Question TV showsBooks 7,RightAnswer,[RightAnswer;WrongAnswer0;WrongAnswer1;WrongAnswer2]
TV shows,Question TV showsBooks 8,RightAnswer,[RightAnswer;WrongAnswer0;WrongAnswer1;WrongAnswer2]
TV shows,Question TV showsBooks 9,RightAnswer,[RightAnswer;WrongAnswer0;WrongAnswer1;WrongAnswer2]
TV shows,Question TV showsBooks 10,RightAnswer,[RightAnswer;WrongAnswer0;WrongAnswer1;WrongAnswer2]
TV shows,Question TV showsBooks 11,RightAnswer,[RightAnswer;WrongAnswer0;WrongAnswer1;WrongAnswer2]
TV shows,Question TV showsBooks 12,RightAnswer,[RightAnswer;WrongAnswer0;WrongAnswer1;WrongAnswer2]
TV shows,Question TV showsBooks 13,RightAnswer,[RightAnswer;WrongAnswer0;WrongAnswer1;WrongAnswer2]
TV shows,Question TV showsBooks 14,RightAnswer,[RightAnswer;WrongAnswer0;WrongAnswer1;WrongAnswer2]
Books,Question Books 0,RightAnswer,[RightAnswer;WrongAnswer0;WrongAnswer1;WrongAnswer2]
Books,Question Books 1,RightAnswer,[RightAnswer;WrongAnswer0;WrongAnswer1;WrongAnswer2]
Books,Question Books 2,RightAnswer,[RightAnswer;WrongAnswer0;WrongAnswer1;WrongAnswer2]
Books,Question Books 3,RightAnswer,[RightAnswer;WrongAnswer0;WrongAnswer1;WrongAnswer2]
Books,Question Books 4,RightAnswer,[RightAnswer;WrongAnswer0;WrongAnswer1;WrongAnswer2]
Books,Question Books 5,RightAnswer,[RightAnswer;WrongAnswer0;WrongAnswer1;WrongAnswer2]
Books,Question Books 6,RightAnswer,[RightAnswer;WrongAnswer0;WrongAnswer1;WrongAnswer2]
Books,Question Books 7,RightAnswer,[RightAnswer;WrongAnswer0;WrongAnswer1;WrongAnswer2]
Books,Question Books 8,RightAnswer,[RightAnswer;WrongAnswer0;WrongAnswer1;WrongAnswer2]
Books,Question Books 9,RightAnswer,[RightAnswer;WrongAnswer0;WrongAnswer1;WrongAnswer2]
Books,Question Books 10,RightAnswer,[RightAnswer;WrongAnswer0;WrongAnswer1;WrongAnswer2]
Books,Question Books 11,RightAnswer,[RightAnswer;WrongAnswer0;WrongAnswer1;WrongAnswer2]
Books,Question Books 12,RightAnswer,[RightAnswer;WrongAnswer0;WrongAnswer1;WrongAnswer2]
Books,Question Books 13,RightAnswer,[RightAnswer;WrongAnswer0;WrongAnswer1;WrongAnswer2]
Books,Question Books 14,RightAnswer,[RightAnswer;WrongAnswer0;WrongAnswer1;WrongAnswer2]